Mikol,mdepietri0@ihg.com,Male
Olwen,obarcroft1@networksolutions.com,Female
Laraine,lmacduff2@bandcamp.com,Female
Erskine,epaulton3@shinystat.com,Male
Lydia,lstibbs4@dagondesign.com,Female
Bay,bdomb5@kickstarter.com,Male
Jack,jcuschieri6@ed.gov,Male
Lissi,lfrancesc7@who.int,Female
Rees,rhairsnape8@reddit.com,Male
Leon,ldobson9@studiopress.com,Male
Mercedes,mmewtona@studiopress.com,Female
Rozanna,rstratleyb@ucoz.com,Female
Dode,dmormanc@adobe.com,Female
Honor,hburrisd@omniture.com,Female
Chilton,ccagane@skyrock.com,Male
Isak,istanyonf@feedburner.com,Male
Nonnah,ngilmang@house.gov,Female
Yovonnda,ycollesh@wordpress.org,Female
Pip,pmarneyi@phoca.cz,Male
Romeo,rduggonj@twitter.com,Male
Christina,cdemchenk@patch.com,Female
Jarvis,jjordenl@ucoz.ru,Male
Claiborn,cmaudettm@whitehouse.gov,Male
Kelbee,kcollobyn@51.la,Male
Adda,aspadecko@unesco.org,Female
Had,hslidesp@cbc.ca,Male
Erie,ekenelinq@noaa.gov,Male
Holli,hgourlier@hud.gov,Female
Minetta,msaverys@yandex.ru,Female
Laird,lrutleyt@stumbleupon.com,Male
Mireille,mamoru@php.net,Female
Hirsch,hcloonanv@cyberchimps.com,Male
Demetria,daldersonw@wsj.com,Female
Basilio,bfifex@bluehost.com,Male
Lawrence,lberardty@reference.com,Male
Haskell,hpattenz@feedburner.com,Male
Morrie,manselmi10@ox.ac.uk,Male
Lindsay,leastop11@weibo.com,Male
Abbye,aadamczyk12@jugem.jp,Female
Raine,rkleisel13@slate.com,Female
Barron,bbiasetti14@google.es,Male
Steffane,sschwieso15@dot.gov,Female
Rowland,rpurle16@cbslocal.com,Male
Heall,hbaniard17@paginegialle.it,Male
Addie,abuttress18@addthis.com,Female
Brena,bbedder19@sakura.ne.jp,Female
Torrence,ttrudgeon1a@exblog.jp,Male
Archie,adukesbury1b@go.com,Male
Gare,gnudds1c@telegraph.co.uk,Male
Austina,acansfield1d@google.co.jp,Female
Deonne,dyewdell1e@google.com,Female
Lorilee,lmackaig1f@e-recht24.de,Female
Melinda,mtewkesberrie1g@hostgator.com,Female
Cris,cmills1h@bing.com,Male
Elisabetta,ephilliphs1i@ucla.edu,Female
Elene,echeer1j@mail.ru,Female
Jefferey,jpetters1k@nps.gov,Male
Constance,cneles1l@google.es,Female
Anthea,amatthewes1m@mozilla.com,Female
Jard,jmissen1n@hatena.ne.jp,Male
Feliza,fwiddowfield1o@wisc.edu,Female
Demetrius,daloshechkin1p@clickbank.net,Male
Gabbie,gloveday1q@google.es,Female
Glynnis,gdinneges1r@whitehouse.gov,Female
Joya,jdana1s@shareasale.com,Female
Juliana,jfleis1t@ihg.com,Female
Florian,fputley1u@phpbb.com,Male
Salem,sveasey1v@stumbleupon.com,Male
Maryanna,mpendre1w@disqus.com,Female
Heidie,htash1x@economist.com,Female
Kris,kgonnelly1y@sakura.ne.jp,Male
Tana,tcharlton1z@macromedia.com,Female
Edee,edeamaya20@unesco.org,Female
Pegeen,ppietrusiak21@discuz.net,Female
Maxine,mjordon22@surveymonkey.com,Female
Elbertina,elabbet23@tmall.com,Female
Morissa,mdows24@rediff.com,Female
Patti,pdonson25@macromedia.com,Female
Torrey,tkittiman26@hud.gov,Male
Vincent,vflett27@t-online.de,Male
Grange,gtunsley28@nps.gov,Male
Charo,clockney29@archive.org,Female
Johnathon,jverring2a@hc360.com,Male
Hendrik,hgleeson2b@php.net,Male
Kay,khollyard2c@nyu.edu,Female
Kalle,kdanbury2d@dion.ne.jp,Male
Roseanna,rcastri2e@1und1.de,Female
Bettine,bborth2f@printfriendly.com,Female
Mandie,mbenedito2g@rakuten.co.jp,Female
Thain,tponde2h@issuu.com,Male
Ranique,rphette2i@feedburner.com,Female
Ron,rnorway2j@themeforest.net,Male
Lyon,lnias2k@yellowbook.com,Male
Derrik,droads2l@upenn.edu,Male
Tiphani,tboller2m@paypal.com,Female
Loydie,lenos2n@epa.gov,Male
Xylia,xkirwin2o@cbc.ca,Female
Lucia,lchevins2p@howstuffworks.com,Female
Isabella,icolafate2q@statcounter.com,Female
Marco,mwhewell2r@paypal.com,Male
Kerry,ksouthcomb2s@issuu.com,Male
Opalina,oeberdt2t@google.de,Female
Gale,gpetteford2u@nydailynews.com,Male
Mohammed,mgerardi2v@businesswire.com,Male
Gayle,gwilloughby2w@unesco.org,Male
Jakie,jsillick2x@networkadvertising.org,Male
Evaleen,epowelee2y@columbia.edu,Female
Ferdinande,fmcgowran2z@diigo.com,Female
Aleen,awinkell30@webs.com,Female
Itch,iwingfield31@uol.com.br,Male
Robbie,rcoit32@furl.net,Female
Goddard,gfrye33@privacy.gov.au,Male
Jacquelynn,jspeller34@earthlink.net,Female
Ara,asant35@drupal.org,Female
Nollie,ngrane36@fda.gov,Female
Doy,dclemencon37@51.la,Male
Regen,rreburn38@behance.net,Male
Reggie,rrosenzveig39@wix.com,Female
Gabriell,grelton3a@exblog.jp,Female
Aime,afisby3b@a8.net,Female
Cynde,cbrobyn3c@geocities.jp,Female
Dave,dmessent3d@europa.eu,Male
Dyann,dhatherleigh3e@google.fr,Female
Stanley,slaterza3f@bigcartel.com,Male
Marietta,mshilito3g@ed.gov,Male
Kennie,kconry3h@go.com,Male
Neddie,niggo3i@dell.com,Male
Matelda,mwiffield3j@is.gd,Female
Hammad,hplunkett3k@omniture.com,Male
Tanner,tkain3l@uol.com.br,Male
Errol,econor3m@nih.gov,Male
Bevvy,bonowlan3n@rediff.com,Female
Valentin,vhitzschke3o@cornell.edu,Male
Jodee,jalbers3p@sogou.com,Female
Aluin,atolussi3q@edublogs.org,Male
Nicolas,ncaldwall3r@trellian.com,Male
Ursulina,ucowlard3s@biblegateway.com,Female
Millie,morwin3t@wikimedia.org,Female
Drucill,ddmitrienko3u@ebay.com,Female
Pavlov,pkirley3v@goo.gl,Male
Alleen,abassett3w@dailymail.co.uk,Female
Kenton,kbernardino3x@cbsnews.com,Male
Flynn,fkonneke3y@networksolutions.com,Male
Lucian,lpadley3z@mediafire.com,Male
Rheba,rsilversmid40@dagondesign.com,Female
Lay,lceschelli41@webmd.com,Male
Magdalena,mcaret42@si.edu,Female
Monro,mmatyukon43@purevolume.com,Male
Derry,dyanukhin44@earthlink.net,Male
Sherm,sscocroft45@cbslocal.com,Male
Gerri,gbewly46@desdev.cn,Male
Cristie,clavrick47@google.nl,Female
Ker,kbecket48@hc360.com,Male
Hagen,hcolliss49@prlog.org,Male
Ketti,kmcaleese4a@omniture.com,Female
Ashil,asegebrecht4b@hao123.com,Female
Clemmie,chardacre4c@census.gov,Female
Ciro,cgonzales4d@timesonline.co.uk,Male
Abner,atregale4e@uol.com.br,Male
Gabriell,gedess4f@reverbnation.com,Female
Carolus,cbecken4g@blinklist.com,Male
Pepito,pboys4h@angelfire.com,Male
Dilly,dwhittock4i@alexa.com,Male
Corabelle,cboken4j@webnode.com,Female
Lelia,lgapper4k@mayoclinic.com,Female
Sloane,sseedull4l@pinterest.com,Male
Ailyn,amcdunlevy4m@ted.com,Female
Jephthah,jjacmard4n@java.com,Male
Pennie,pocaherny4o@ucla.edu,Male
Annadiane,acandlish4p@lycos.com,Female
Arline,alampard4q@addtoany.com,Female
Franciskus,fpeddie4r@ted.com,Male
Nickola,nrelton4s@youtu.be,Male
Caron,ckybird4t@angelfire.com,Female
Gustaf,gphripp4u@blog.com,Male
Joyous,jplumbley4v@msu.edu,Female
Godard,gcutts4w@dell.com,Male
Hillyer,hcrass4x@ask.com,Male
Marilin,mmathias4y@nyu.edu,Female
Alayne,ahartly4z@sun.com,Female
Magdaia,mgiacomozzo50@harvard.edu,Female
Veda,vandersson51@unblog.fr,Female
Kim,kgoodinson52@indiatimes.com,Male
Jordan,jsumers53@homestead.com,Female
Barth,bstarmore54@gizmodo.com,Male
Adrian,atrusslove55@jimdo.com,Male
Claribel,cgecke56@diigo.com,Female
Brady,broache57@google.cn,Male
Morie,mhinkens58@chronoengine.com,Male
Corabelle,ckrink59@businesswire.com,Female
Rory,rkleiser5a@csmonitor.com,Female
Tine,trogeon5b@go.com,Female
Arlyne,amishow5c@usa.gov,Female
Patten,pvanichkov5d@liveinternet.ru,Male
Jemie,jmatuszyk5e@simplemachines.org,Female
Jerry,jpowder5f@wikispaces.com,Male
Cherrita,clead5g@sciencedirect.com,Female
Maurita,mcawkwell5h@ezinearticles.com,Female
Webb,whagger5i@elegantthemes.com,Male
Fair,ftiley5j@eventbrite.com,Male
Maddie,mmacintosh5k@census.gov,Female
Lidia,lmcnicol5l@upenn.edu,Female
Napoleon,nsaggs5m@w3.org,Male
Faina,ftreadwell5n@github.io,Female
Andrew,amcphelimy5o@nba.com,Male
Willabella,wrobertacci5p@washington.edu,Female
Ferdinanda,ffreire5q@globo.com,Female
Lalo,lrickcord5r@discovery.com,Male
Emmalee,edrogan5s@reddit.com,Female
Barnabe,bgiocannoni5t@163.com,Male
Charlotta,cdupree5u@ebay.com,Female
Gordy,gpresser5v@php.net,Male
Page,pbeilby5w@guardian.co.uk,Male
Lurline,ljosskoviz5x@yahoo.com,Female
Kerwinn,kmoff5y@biblegateway.com,Male
Jami,jdarleston5z@360.cn,Female
Elvira,etoe60@biblegateway.com,Female
Melitta,mdanelut61@blog.com,Female
Jephthah,jbent62@weather.com,Male
Elmira,emacallester63@weather.com,Female
Chrysa,cjanaway64@mozilla.org,Female
Shelby,sburlingame65@addtoany.com,Male
Demetri,ddavis66@bluehost.com,Male
Leona,liremonger67@chicagotribune.com,Female
Alejandro,acolston68@vk.com,Male
Abbie,akrebs69@over-blog.com,Male
Philippe,prisborough6a@tripod.com,Female
Roderick,rgiacubbo6b@cisco.com,Male
Clint,cantonelli6c@blog.com,Male
Mufi,mbernardin6d@mediafire.com,Female
Asa,abeathem6e@g.co,Male
Angeline,ashenley6f@arizona.edu,Female
Amalita,acardew6g@ameblo.jp,Female
Imogen,ihambling6h@myspace.com,Female
Allix,atoft6i@nbcnews.com,Female
Price,pmithon6j@paypal.com,Male
Merill,mcudiff6k@engadget.com,Male
Harley,htwining6l@nasa.gov,Male
Tanya,tvoak6m@chicagotribune.com,Female
Lockwood,lkurtis6n@amazon.co.uk,Male
Eliza,enewsome6o@amazon.co.jp,Female
Natalina,ncorradini6p@friendfeed.com,Female
Trix,tpascho6q@google.com,Female
Meier,mbraga6r@abc.net.au,Male
Hetti,htenman6s@tripod.com,Female
Eran,emell6t@ning.com,Female
Peirce,palvy6u@scribd.com,Male
Zechariah,zcholwell6v@ft.com,Male
Prudence,pgofton6w@lulu.com,Female
Raphaela,rtiron6x@livejournal.com,Female
Isaak,icelez6y@slideshare.net,Male
Filippo,fmoubray6z@biglobe.ne.jp,Male
Birch,bgarnam70@ycombinator.com,Male
Gar,grollett71@cnet.com,Male
Adina,alowsely72@google.co.uk,Female
Stanton,skimberly73@elegantthemes.com,Male
Harp,hebenezer74@elegantthemes.com,Male
Adelice,arolfe75@businessinsider.com,Female
Aylmar,ahumes76@hatena.ne.jp,Male
Ferris,ffolkard77@ycombinator.com,Male
Kathleen,kloveland78@time.com,Female
Doro,dgyurkovics79@parallels.com,Female
Joe,jivashov7a@dailymail.co.uk,Male
Candi,cgenny7b@free.fr,Female
Simonne,smegainey7c@mashable.com,Female
Harald,hflucker7d@slashdot.org,Male
Sarah,sdatte7e@ft.com,Female
Savina,scorneliussen7f@geocities.com,Female
Odette,ocolbert7g@dailymotion.com,Female
Jaine,jbleakley7h@flavors.me,Female
Gerrie,gollivierre7i@nba.com,Female
Garwood,gbayman7j@chronoengine.com,Male
Yardley,ycowle7k@ucsd.edu,Male
Koo,kmccunn7l@ucoz.ru,Female
Moe,mcuskery7m@stumbleupon.com,Male
Angie,ahurll7n@linkedin.com,Male
Ethelda,eswyn7o@altervista.org,Female
Rodrick,rbaverstock7p@cisco.com,Male
Shae,srucklidge7q@wikispaces.com,Female
Tyson,tbonick7r@gov.uk,Male
Gerik,gcaesman7s@symantec.com,Male
Devina,dwalklot7t@blinklist.com,Female
Reid,rsjostrom7u@auda.org.au,Male
Van,vwarcup7v@ebay.co.uk,Male
Terencio,tszymanek7w@webs.com,Male
Carolee,cjaukovic7x@adobe.com,Female
Bayard,bcestard7y@studiopress.com,Male
Bowie,bcoldwell7z@home.pl,Male
Rici,rsprasen80@wufoo.com,Female
Gerti,gmowsdale81@bigcartel.com,Female
Juliann,jgumn82@amazon.de,Female
Angele,ablyde83@dropbox.com,Female
Maryjo,mmasselin84@simplemachines.org,Female
Clerissa,ckinchley85@house.gov,Female
Efrem,efedorchenko86@jigsy.com,Male
Andreas,ajohnikin87@blog.com,Male
Aigneis,amurkitt88@walmart.com,Female
Zonnya,zbramsom89@unesco.org,Female
Lem,lbuddleigh8a@dedecms.com,Male
Elwood,ecarillo8b@tripod.com,Male
Onida,otutill8c@ezinearticles.com,Female
Doro,delmore8d@opera.com,Female
Charley,cbonick8e@is.gd,Male
Morgan,mcattermole8f@instagram.com,Female
Horst,hkeaves8g@wikipedia.org,Male
Brear,bvigneron8h@sohu.com,Female
Brody,bphilippou8i@freewebs.com,Male
Priscilla,pbrighty8j@topsy.com,Female
Lula,lmostin8k@shutterfly.com,Female
Frasco,fcaistor8l@pbs.org,Male
Stanley,sbonhan8m@goo.gl,Male
Sayres,smarvelley8n@biglobe.ne.jp,Male
Bealle,bgodley8o@ocn.ne.jp,Male
Sarine,smcfaul8p@dell.com,Female
Jamil,jkretschmer8q@craigslist.org,Male
Ynez,yklesl8r@icio.us,Female
Alvy,alesmonde8s@typepad.com,Male
Christophorus,cbredes8t@instagram.com,Male
Aldon,alongstaff8u@exblog.jp,Male
Krispin,ktarbert8v@opera.com,Male
Stu,sbispo8w@istockphoto.com,Male
Glynn,gredford8x@nydailynews.com,Male
Garrott,ganderson8y@friendfeed.com,Male
Dmitri,dcarlisso8z@so-net.ne.jp,Male
Candida,crenihan90@photobucket.com,Female
Annalise,adeniskevich91@cdc.gov,Female
Lira,lfearns92@wordpress.com,Female
Allistir,acramond93@xing.com,Male
Hedwig,hlygoe94@behance.net,Female
Estrella,efulham95@blog.com,Female
Angel,asmithies96@goodreads.com,Male
Hubert,hgoane97@usda.gov,Male
Jamesy,jcrees98@seattletimes.com,Male
Aloise,acobleigh99@photobucket.com,Female
Kata,kklima9a@nsw.gov.au,Female
Winn,wtomczak9b@utexas.edu,Male
Gwenette,gmcniven9c@weibo.com,Female
Donny,dleborgne9d@mail.ru,Female
Lion,lrantoul9e@printfriendly.com,Male
Tyne,tjanssen9f@twitter.com,Female
Allina,ablazy9g@marketwatch.com,Female
Any,agaddes9h@unc.edu,Male
Dwayne,dspearing9i@wix.com,Male
Gregoor,glickorish9j@mapquest.com,Male
Josh,jmallison9k@hexun.com,Male
Alix,agallehock9l@ucsd.edu,Female
Bondy,bgamlen9m@example.com,Male
Feodor,ftoll9n@foxnews.com,Male
Ladonna,locuolahan9o@hubpages.com,Female
Elsa,emattes9p@blogger.com,Female
Muffin,mnegal9q@alexa.com,Female
Vasilis,vvouls9r@craigslist.org,Male
Nita,nlarose9s@zimbio.com,Female
Eugene,ematherson9t@google.cn,Male
Regine,rcorsham9u@ed.gov,Female
Hyacintha,hvasnetsov9v@redcross.org,Female
Jerrine,jproske9w@youku.com,Female
Felice,fmackibbon9x@arstechnica.com,Male
Erika,eiddison9y@privacy.gov.au,Female
Gerrilee,gragot9z@cafepress.com,Female
Mallorie,mshirtliffa0@reference.com,Female
Linnell,lgregorattia1@bigcartel.com,Female
Frannie,fwhitnalla2@yelp.com,Female
Launce,lhrachoveca3@biglobe.ne.jp,Male
Denny,diglesiasa4@eepurl.com,Female
Roi,rorforda5@irs.gov,Male
Ronnica,rspeddinga6@wired.com,Female
Carlye,cgregera7@topsy.com,Female
Troy,tofihilliea8@hp.com,Male
Ella,eheinricha9@reverbnation.com,Female
Gregg,gsabateraa@odnoklassniki.ru,Male
Korry,klefrankab@bloglines.com,Female
Ivie,ijewksac@bbb.org,Female
Alair,atorregianiad@last.fm,Male
Jerrome,jbairnsfatherae@ed.gov,Male
Irita,icoakleyaf@ovh.net,Female
Dierdre,dcrimpag@netvibes.com,Female
Frieda,fglasbeyah@squidoo.com,Female
Belia,brapperai@sakura.ne.jp,Female
Kevyn,kanthoineaj@berkeley.edu,Female
Petronille,pshaweak@paginegialle.it,Female
Lee,lateridgeal@ihg.com,Female
Malory,mtolmieam@intel.com,Female
Lusa,lmaskillan@berkeley.edu,Female
Sheffie,sludlamao@mac.com,Male
Lacee,livanichevap@engadget.com,Female
Shawn,shaddyaq@freewebs.com,Male
Vite,vtompkinar@hexun.com,Male
Sollie,sbeynkeas@theglobeandmail.com,Male
Charlene,cfosberryat@cbslocal.com,Female
Garrik,gtoalau@tmall.com,Male
Aryn,alotteringtonav@slideshare.net,Female
Gilbertina,grackhamaw@nba.com,Female
Fayette,fmapledooreax@instagram.com,Female
Archibaldo,aspareay@google.es,Male
Queenie,qmigheleaz@xrea.com,Female
Gerick,gmarusicb0@hc360.com,Male
Violetta,vfairpob1@chron.com,Female
Bevin,bantonellinib2@w3.org,Male
Maggee,mbuesnelb3@omniture.com,Female
Aarika,apetrukb4@omniture.com,Female
Hermina,hblydeb5@hp.com,Female
Bryana,blawrieb6@loc.gov,Female
Wynne,weymorb7@odnoklassniki.ru,Female
Nappie,noggersb8@google.es,Male
Jarrod,jgreepb9@amazon.de,Male
Coleman,ctorricinaba@github.com,Male
Nate,nwhichelowbb@prweb.com,Male
Gabriele,gworlidgebc@soup.io,Male
Andonis,asokalebd@state.tx.us,Male
Eadie,ejoshambe@dagondesign.com,Female
Udall,ufloriobf@lycos.com,Male
Lyman,lmacarthurbg@wp.com,Male
Sawyer,smahareybh@biblegateway.com,Male
Anastasie,aadamovichbi@sun.com,Female
Melanie,mbuttonbj@google.com.br,Female
Annalee,aswithenbybk@google.co.jp,Female
Dolley,dpattybl@army.mil,Female
Yorgos,yfenemorebm@cnn.com,Male
Aurora,afolkerbn@answers.com,Female
Emmanuel,eclemoesbo@spiegel.de,Male
Bonita,bgoodrambp@mac.com,Female
Urbanus,uecclestonbq@lulu.com,Male
Kirsten,ktraytonbr@instagram.com,Female
Phillipe,pcasonebs@apache.org,Male
Darlene,dallsopbt@salon.com,Female
Sande,skibardbu@kickstarter.com,Female
Brannon,bwilcocksbv@dell.com,Male
Tess,tspringerbw@businesswire.com,Female
Emlyn,ebrilonbx@t-online.de,Male
Winonah,wpanchinby@gravatar.com,Female
Vickie,vkiefbz@google.de,Female
Audrie,agoodrumc0@umn.edu,Female
Callean,cjaynec1@cbslocal.com,Male
Jillie,jayresc2@sina.com.cn,Female
Tammy,tmckunec3@bloomberg.com,Female
Terence,tmcgruarc4@yandex.ru,Male
Christiana,ccosbeec5@vinaora.com,Female
Jephthah,jelcocksc6@ibm.com,Male
Jerrold,jfrancilloc7@ibm.com,Male
Lindsay,lbasnettc8@360.cn,Male
Neille,nnaerupc9@stanford.edu,Female
Effie,estaddomca@xinhuanet.com,Female
Zuzana,zmaidescb@phoca.cz,Female
Nadia,nfouldcc@mac.com,Female
Jemmie,jcripscd@parallels.com,Female
Garreth,gharradencece@marriott.com,Male
Gerri,ghoppnercf@liveinternet.ru,Male
Rheta,rsheratoncg@biblegateway.com,Female
Kin,kcasserleych@meetup.com,Male
Cesya,cpadberyci@bloglovin.com,Female
Elsi,etyrecj@miibeian.gov.cn,Female
Cyndi,cbadmanck@unicef.org,Female
Colan,cpleasecl@cmu.edu,Male
Avram,agetcliffecm@hatena.ne.jp,Male
Whitman,wbaracloughcn@biblegateway.com,Male
Denni,ddodswellco@senate.gov,Female
Trixie,tgatisscp@craigslist.org,Female
Anni,avaleriocq@acquirethisname.com,Female
Desmond,ddibbcr@guardian.co.uk,Male
Gennifer,glarawaycs@vimeo.com,Female
Darrelle,ddemkect@woothemes.com,Female
Lois,lgreedyercu@angelfire.com,Female
David,dshalderscv@miibeian.gov.cn,Male
Ajay,acockingscw@ning.com,Female
Eliot,etumultycx@salon.com,Male
Sal,sroderighicy@newyorker.com,Female
Cass,cdavidoucz@google.pl,Male
Othella,ohubbled0@cisco.com,Female
Lucias,lwardinglyd1@seattletimes.com,Male
Julia,jperrid2@vinaora.com,Female
Beatrix,bcrosierd3@dmoz.org,Female
Dinny,dfindend4@free.fr,Female
Hadria,hheskinsd5@digg.com,Female
Ardyce,ainnwoodd6@myspace.com,Female
Florentia,fblincod7@wordpress.org,Female
Darn,dadeyd8@domainmarket.com,Male
Holly,hjiggensd9@artisteer.com,Female
Rochella,rstanesda@miibeian.gov.cn,Female
Willdon,wmcclunedb@a8.net,Male
Leodora,lthainedc@xing.com,Female
Patricia,pgennydd@cloudflare.com,Female
Alva,aarnkede@pcworld.com,Male
Zenia,zstainlanddf@usgs.gov,Female
Marchall,mlareddg@hibu.com,Male
Zarah,zpfertnerdh@blogtalkradio.com,Female
Lukas,ltocherdi@msu.edu,Male
Dalton,durlindj@purevolume.com,Male
Orrin,omaccrachendk@tinypic.com,Male
Lettie,lseylerdl@toplist.cz,Female
Elisa,ekernedm@skyrock.com,Female
Chalmers,cwillsheedn@boston.com,Male
Heriberto,hgreavesdo@de.vu,Male
Marion,mfarlanedp@cyberchimps.com,Female
Klement,kmatydq@ebay.co.uk,Male
Brooks,bbowringdr@hugedomains.com,Female
Guenevere,gvassayds@nasa.gov,Female
Meara,mpottiedt@army.mil,Female
Mada,mnicklessdu@ox.ac.uk,Female
Stevena,ssilbydv@economist.com,Female
Normy,npfaffdw@imdb.com,Male
Benedicto,basberydx@amazon.com,Male
Hurley,hlawrencesondy@wix.com,Male
Odey,ocampellidz@ucoz.ru,Male
Mina,mwilloughwaye0@huffingtonpost.com,Female
Inesita,ibergeone1@cisco.com,Female
Goddard,gsweetname2@china.com.cn,Male
Arleyne,alynesse3@xing.com,Female
Lurline,ljacksone4@wikipedia.org,Female
Burtie,bneichoe5@webmd.com,Male
Woodrow,wwindlee6@oracle.com,Male
Finley,fkegge7@patch.com,Male
Donalt,dblaszczake8@sogou.com,Male
Hugues,hwindlesse9@amazonaws.com,Male
Forster,fyukhnovea@yelp.com,Male
Delano,dhefferoneb@t.co,Male
Cross,cvanveldenec@skyrock.com,Male
Emlen,ehumed@photobucket.com,Male
Jedidiah,jhurlee@com.com,Male
Zacharia,zthomassinef@ucoz.com,Male
Dorris,dcoolingeg@cbc.ca,Female
Gisella,gwitheyeh@networksolutions.com,Female
Hillary,hhulattei@amazon.de,Male
Elias,enorthillej@walmart.com,Male
Erma,eminsterek@ucsd.edu,Female
Donni,dheislerel@dell.com,Female
Katrine,kspaxmanem@soundcloud.com,Female
Ally,aiohananofen@epa.gov,Female
Pietro,psadlereo@instagram.com,Male
Elbertine,ecrichmereep@cpanel.net,Female
Astra,abavineq@tiny.cc,Female
Dorothee,dohareer@gov.uk,Female
Courtenay,carpes@google.nl,Female
Charmain,cyanukhinet@angelfire.com,Female
Leroy,ltrekereu@jalbum.net,Male
Aubrette,ajeppensenev@1und1.de,Female
Vincenz,vhazlewoodew@cloudflare.com,Male
Maegan,mgomesex@uiuc.edu,Female
Ciel,clongstaffeey@taobao.com,Female
Hector,hsimmenez@biglobe.ne.jp,Male
Yolanthe,ypeaf0@edublogs.org,Female
Everett,eivanovicf1@gizmodo.com,Male
Florian,fpillansf2@nydailynews.com,Male
Carson,cdominguesf3@newyorker.com,Male
Andris,akryszkaf4@elpais.com,Male
Ginni,gdeasonf5@lulu.com,Female
Gilberta,gvasilevichf6@bbc.co.uk,Female
Iggy,ipizzief7@bandcamp.com,Male
Jarrett,jolohanf8@census.gov,Male
Leslie,ldiprosef9@e-recht24.de,Female
Augustus,aarpefa@businesswire.com,Male
Rosette,rmayowfb@deliciousdays.com,Female
Rhiamon,rdiggesfc@princeton.edu,Female
Allys,apottingerfd@shinystat.com,Female
Selma,selenfe@mac.com,Female
Suellen,swortonff@163.com,Female
Rodrigo,rbutchardfg@usatoday.com,Male
David,dhebdenfh@fc2.com,Male
Phaedra,pvenablesfi@techcrunch.com,Female
Wilmer,wbottelstonefj@hubpages.com,Male
Page,pstanlakefk@plala.or.jp,Male
Phylis,pgrinvaldsfl@yolasite.com,Female
Alaster,amilksopfm@facebook.com,Male
Hubie,hbumfn@51.la,Male
Daune,dspendlovefo@usnews.com,Female
Dori,dgoddertsffp@comcast.net,Female
Hinda,hachrameevfq@ifeng.com,Female
Ward,wnansonfr@cnn.com,Male
Anne,afarronfs@slate.com,Female
Papageno,pnurdenft@nyu.edu,Male
Benedikt,bwhithornfu@cnet.com,Male
Burg,bdobesonfv@miibeian.gov.cn,Male
Jesus,jbasirefw@huffingtonpost.com,Male
Curr,cearpefx@yandex.ru,Male
Dick,ddrachefy@artisteer.com,Male
King,klodwickfz@posterous.com,Male
Cassaundra,crussang0@cnn.com,Female
Petra,pdemkeg1@cnn.com,Female
Hadria,hheinseng2@thetimes.co.uk,Female
Marney,mmasurelg3@surveymonkey.com,Female
Cookie,cmcdirmidg4@europa.eu,Female
Cathrin,cscroxtong5@slideshare.net,Female
Ogdan,osizeg6@businessinsider.com,Male
Rudy,rgrisedaleg7@gov.uk,Male
Brittany,bodayg8@kickstarter.com,Female
Tobit,tgiraudeaug9@imdb.com,Male
Virginia,vpoultneyga@illinois.edu,Female
Audrey,agerkensgb@hostgator.com,Female
Tiphany,tkerfodgc@unc.edu,Female
Lorry,lpadsongd@ca.gov,Male
Rozelle,rcurtissge@biblegateway.com,Female
Ugo,uhazeldengf@statcounter.com,Male
Suzanne,smatisoffgg@ox.ac.uk,Female
Gerri,gcastellogh@shop-pro.jp,Female
Egan,emassengi@harvard.edu,Male
Cherlyn,cbohikegj@earthlink.net,Female
Izabel,iwycliffegk@prlog.org,Female
Janette,jlouchegl@soundcloud.com,Female
Gilberta,gpymgm@taobao.com,Female
Cornell,cjentlegn@epa.gov,Male
Iormina,isporego@blog.com,Female
Aron,agiberdgp@google.co.uk,Male
Quillan,qhackleygq@woothemes.com,Male
Saw,sjallandgr@github.io,Male
Annamarie,arumneygs@sina.com.cn,Female
Jordana,jaickengt@imdb.com,Female
Kerry,kabrahamoffgu@marketwatch.com,Male
Yolande,yrubragv@tinypic.com,Female
Ban,bwilloughwaygw@cisco.com,Male
Godwin,gklimmekgx@state.tx.us,Male
Cecil,cambrosigy@examiner.com,Male
Selby,sytergz@ed.gov,Male
Sydelle,scasarih0@instagram.com,Female
Irv,ifraynh1@nyu.edu,Male
Garland,godunneenh2@scientificamerican.com,Female
Frederic,fbauerh3@chron.com,Male
Allsun,abrodeauh4@ustream.tv,Female
Donni,dfindenh5@theglobeandmail.com,Female
Kurt,kwhiffinh6@theguardian.com,Male
Bernard,bbanbrookh7@sakura.ne.jp,Male
Errol,eorgelh8@de.vu,Male
Martino,mfackrellh9@cbslocal.com,Male
Raffarty,rlongmireha@tinyurl.com,Male
Radcliffe,rheliarhb@newsvine.com,Male
Tynan,tbatherhc@discuz.net,Male
Kathryne,kwoanhd@vimeo.com,Female
Minnie,mlepardhe@cam.ac.uk,Female
Shelley,smontelhf@rakuten.co.jp,Male
Buffy,bdooreyhg@marketwatch.com,Female
Burt,bwindashh@princeton.edu,Male
Gilly,gantoinethi@free.fr,Female
Brocky,bmounsiehj@dailymotion.com,Male
Keefer,kdomenchk@toplist.cz,Male
Paulita,pfaulohl@geocities.com,Female
Fairfax,fmuldowneyhm@linkedin.com,Male
Alysia,abugbirdhn@dot.gov,Female
Rosemary,rjeeho@instagram.com,Female
Kennie,kgrosshp@webeden.co.uk,Male
Morganica,mjenthq@homestead.com,Female
Moore,mmurohr@opensource.org,Male
Chucho,ccastillouhs@huffingtonpost.com,Male
Pamela,pzornht@naver.com,Female
Marsiella,mstranierohu@com.com,Female
Aldus,aandreuhv@hugedomains.com,Male
Priscilla,pkleehuhlerhw@vkontakte.ru,Female
Riannon,rjansahx@furl.net,Female
Andras,amichelinhy@toplist.cz,Male
Langston,luttleyhz@princeton.edu,Male
Guillemette,ggovei0@thetimes.co.uk,Female
Willyt,wsnedkeri1@yandex.ru,Female
Ardath,astrongi2@last.fm,Female
Abran,aervinei3@qq.com,Male
Marius,mdoeli4@auda.org.au,Male
Dory,ddineeni5@paginegialle.it,Male
Marje,mballardi6@cyberchimps.com,Female
Ericka,ehowgatei7@ibm.com,Female
Yettie,yverbeeki8@timesonline.co.uk,Female
Eleanor,eairetoni9@ycombinator.com,Female
Fabian,fkirtlania@bbc.co.uk,Male
Ruddy,reakinsib@drupal.org,Male
Gay,ghoodlessic@illinois.edu,Male
Loutitia,lgroombridgeid@ox.ac.uk,Female
Filippa,fbonnaireie@example.com,Female
Elliott,esearchwellif@chicagotribune.com,Male
Letizia,ltathacottig@plala.or.jp,Female
Harv,hbolinoih@github.io,Male
Marilee,mgaleroii@dmoz.org,Female
Gaylor,gridulfoij@nasa.gov,Male
Camille,cvasyatkinik@oracle.com,Female
Pat,ppavieil@de.vu,Male
Adara,aroelsim@apache.org,Female
Priscilla,pforrestin@irs.gov,Female
Mufinella,mdunkerleyio@rediff.com,Female
Quill,qcrystalip@mysql.com,Male
Cointon,cstanderingiq@redcross.org,Male
Tomaso,tgrzelczakir@histats.com,Male
Malory,mmarquesis@google.co.jp,Female
Mandi,mmaccostyeit@w3.org,Female
Xavier,xfagenceiu@spotify.com,Male
Alexei,aorsiv@google.pl,Male
Brnaba,bscreeniw@meetup.com,Male
Carlee,crowesix@smh.com.au,Female
Marilyn,mcristofvaoiy@google.com.br,Female
Luther,lwhittakeriz@exblog.jp,Male
Bear,bvassmanj0@ucoz.com,Male
Artair,ahuddartj1@kickstarter.com,Male
Amelita,ameadusj2@bloglovin.com,Female
Darryl,ddennisonj3@toplist.cz,Male
Bob,bleilej4@hugedomains.com,Male
Nanny,nhamiltonj5@wired.com,Female
Winston,wmaciasj6@buzzfeed.com,Male
Lissi,lhurrellj7@unblog.fr,Female
Hillier,hschruyerj8@sphinn.com,Male
Denny,dvasilechkoj9@artisteer.com,Male
Junina,jkrysztofowiczja@princeton.edu,Female
Aleen,acorneillejb@cdbaby.com,Female
Tracie,tshailerjc@newyorker.com,Female
Darren,dranglejd@accuweather.com,Male
Kelila,kkerblerje@a8.net,Female
Shaylah,stomalinjf@edublogs.org,Female
Goldie,gferraracciojg@wisc.edu,Female
Ailina,aturbardjh@microsoft.com,Female
Shepperd,shulseji@reverbnation.com,Male
Gay,gmartusovjj@wikia.com,Male
Lavinie,lpitfieldjk@ebay.co.uk,Female
Peggi,poronanjl@va.gov,Female
Feodor,fpaddonjm@squarespace.com,Male
Dag,dobrienjn@ocn.ne.jp,Male
Ash,agorvinjo@nymag.com,Male
Gregory,gbeesjp@cnet.com,Male
Archibold,asidaryjq@ning.com,Male
Mitch,mtrebblejr@shinystat.com,Male
Hewe,hdelahayjs@hc360.com,Male
Dodi,dgillanjt@ed.gov,Female
Zedekiah,zgilliverju@omniture.com,Male
Ferdinand,fpetrejv@naver.com,Male
Liana,lnendjw@china.com.cn,Female
Lorianne,lcleughjx@sakura.ne.jp,Female
Lorens,lgolsonjy@ovh.net,Male
Libby,lhearlejz@1688.com,Female
L;urette,lmcgiffink0@auda.org.au,Female
Martin,mkenealyk1@microsoft.com,Male
Cynthie,cmurrhauptk2@scribd.com,Female
Carolin,ckenworthyk3@github.io,Female
Audrie,aornellsk4@twitpic.com,Female
Berkeley,bwhelpdalek5@archive.org,Male
Rockwell,rcastiblancok6@mail.ru,Male
Mario,mbeatsonk7@google.fr,Male
Corrina,comahonyk8@psu.edu,Female
Bennie,bhoggink9@nih.gov,Female
Derek,drateka@multiply.com,Male
Tatiana,tdulsonkb@paypal.com,Female
Scarface,saingekc@bloglovin.com,Male
Eachelle,enotmankd@sun.com,Female
Patrick,prollerke@mlb.com,Male
Malva,mwardenkf@studiopress.com,Female
Orren,owildenkg@hugedomains.com,Male
Paola,plittrellkh@google.de,Female
Wanda,wswadonki@arstechnica.com,Female
Keefe,kcanelaskj@stumbleupon.com,Male
Vannie,vfennessykk@shutterfly.com,Female
Douglass,deidelmankl@constantcontact.com,Male
Frankie,follarenshawkm@ifeng.com,Female
Derrik,dabarrowkn@ebay.co.uk,Male
Sascha,saikinko@com.com,Male
Hoyt,hdecleynekp@simplemachines.org,Male
Willetta,wmagorkq@dion.ne.jp,Female
Keri,klindelofkr@hc360.com,Female
Casie,camdohrks@scribd.com,Female
Corrine,clitelkt@etsy.com,Female
Berkeley,bfritchlyku@nyu.edu,Male
Wilek,wcurleykv@uol.com.br,Male
Orlando,ocradykw@is.gd,Male
Boigie,blogsdailkx@loc.gov,Male
Ichabod,ibillingtonky@mysql.com,Male
Randal,rrustmankz@bing.com,Male
Florette,fchilll0@columbia.edu,Female
Barnett,bmatyjal1@meetup.com,Male
Elisabetta,esneesbyl2@smugmug.com,Female
Gavin,gdidsburyl3@topsy.com,Male
Hartley,hohartiganl4@nhs.uk,Male
Krishnah,kfeldhammerl5@cloudflare.com,Male
Duky,dsprossonl6@example.com,Male
Cally,clethbridgel7@icio.us,Female
Zonnya,zkirschl8@usnews.com,Female
Husain,hpepperralll9@odnoklassniki.ru,Male
Axel,aarthursla@hubpages.com,Male
Purcell,phastewelllb@hibu.com,Male
Mirella,mgatrelllc@go.com,Female
Jeniffer,jgerltsld@cdbaby.com,Female
Patric,plowthle@google.fr,Male
Huntley,hjillslf@webs.com,Male
Cirstoforo,clelandlg@mozilla.com,Male
Kennan,kleyzelllh@miibeian.gov.cn,Male
Maura,mbrugemannli@reuters.com,Female
Kennith,ksindersonlj@acquirethisname.com,Male
Yehudi,yhucklesbylk@deviantart.com,Male
Buiron,bshalell@diigo.com,Male
Erasmus,eglitherowlm@ca.gov,Male
Eula,ecroomeln@stanford.edu,Female
Frederigo,fguiselo@vkontakte.ru,Male
Marthe,mlaylp@google.com.br,Female
Cora,cdodsleylq@slate.com,Female
Gabriel,ggammidgelr@home.pl,Female
Jackelyn,janselmls@barnesandnoble.com,Female
Zed,zmecozzilt@technorati.com,Male
Theressa,thaddenlu@i2i.jp,Female
Kelvin,ksternlv@imgur.com,Male
Bren,blitzmannlw@globo.com,Female
Colver,chagerghamlx@weather.com,Male
Aindrea,apickerinly@columbia.edu,Female
Collen,chorrodlz@bravesites.com,Female
Avrom,acammackm0@java.com,Male
Raimundo,rcoppm1@webmd.com,Male
Shoshana,spidgenm2@goo.ne.jp,Female
Goober,ggotchm3@geocities.com,Male
Shoshana,shuntlym4@paginegialle.it,Female
Forester,fgarmanm5@xing.com,Male
Shara,stonkesm6@booking.com,Female
Jordain,jsiddellm7@utexas.edu,Female
Gilly,gchamberlainm8@adobe.com,Female
Alfredo,aodownem9@elpais.com,Male
Kelsy,kforwardma@cnn.com,Female
Susi,sgalpenmb@mapquest.com,Female
Yorker,ycestardmc@123-reg.co.uk,Male
Gabie,gbarnfieldmd@goo.ne.jp,Male
Abner,ahukinsme@vimeo.com,Male
Nannette,nyakovlmf@prnewswire.com,Female
Tallou,tsaillmg@google.com.au,Female
Ettore,edurnomh@eepurl.com,Male
Tynan,tleemingmi@rediff.com,Male
Nikos,nedmondsmj@usa.gov,Male
Meggi,mchadwyckmk@accuweather.com,Female
Alberto,ahinderml@squidoo.com,Male
Hilary,halthorpemm@w3.org,Male
Iolande,iferrolimn@dagondesign.com,Female
Laure,lslineymo@wikimedia.org,Female
Ame,asutheranmp@oaic.gov.au,Female
Tamar,tbussensmq@facebook.com,Female
Leroi,lgearemr@ihg.com,Male
Zelma,zculpinms@pbs.org,Female
Hinda,hshielmt@odnoklassniki.ru,Female
Andy,apeartonmu@blogspot.com,Male
Erny,elenaghenmv@reddit.com,Male
Lorne,lroyallmw@timesonline.co.uk,Female
Kristos,kyesmx@pcworld.com,Male
Corinna,chousemanmy@shareasale.com,Female
Gasper,gshatliffemz@macromedia.com,Male
Christen,csedgwickn0@geocities.com,Female
Benita,bsleepn1@springer.com,Female
Patsy,pdeamern2@squarespace.com,Female
Natale,nreinhardtn3@about.com,Male
Jeralee,jcottisn4@diigo.com,Female
Melamie,mbelvinn5@howstuffworks.com,Female
Arv,abiscon6@cbc.ca,Male
Laverna,larchn7@plala.or.jp,Female
Lani,lpenchenn8@oakley.com,Female
Reed,rdiprosen9@wordpress.com,Male
Pinchas,pwipflerna@zdnet.com,Male
Natividad,ncoughlinnb@census.gov,Female
Mordy,mpollennc@walmart.com,Male
Hobey,hpennellsnd@goo.ne.jp,Male
Ariel,astlegerne@bbc.co.uk,Female
Milissent,mcandienf@guardian.co.uk,Female
Minnie,mlearmountng@marketwatch.com,Female
Sterne,schrichtonnh@answers.com,Male
Donielle,drivardni@so-net.ne.jp,Female
Gallard,ggostridgenj@about.com,Male
Bronny,bbattyllnk@tripadvisor.com,Male
Madelon,mblakewaynl@nydailynews.com,Female
Julita,jpottsnm@wordpress.com,Female
Dare,dhamptonnn@gov.uk,Male
Nessie,nhemmsno@ehow.com,Female
Korry,kcazaletnp@google.it,Female
Abie,aosannenq@fastcompany.com,Male
Marlie,mbannnr@weibo.com,Female
Raynor,rkennerknechtns@addthis.com,Male
Sim,ssummerrellnt@cmu.edu,Male
Sibbie,stedahlnu@wiley.com,Female
Kennedy,kvalentinettinv@chicagotribune.com,Male
Winifield,wsquibbesnw@sciencedaily.com,Male
Betti,bleidlnx@webnode.com,Female
Caryl,cnewellny@cnet.com,Male
Gibby,glanninnz@cdbaby.com,Male
Sterne,scruiseo0@psu.edu,Male
Bonnee,bmethveno1@rambler.ru,Female
Pearle,pbouldso2@cdc.gov,Female
Antoni,abonuso3@utexas.edu,Male
Georgie,gbirchero4@indiatimes.com,Female
Pam,pmccormacko5@imageshack.us,Female
Kalila,kmassingero6@de.vu,Female
Aggi,abrodeauo7@1688.com,Female
Evvie,ecullinaneo8@europa.eu,Female
Lucky,lgrettono9@answers.com,Female
Nilson,nromandoa@edublogs.org,Male
Evita,edeardsob@symantec.com,Female
Yvette,yzarfatoc@cornell.edu,Female
Baxter,bblindmannod@jiathis.com,Male
Sheba,szanettinioe@va.gov,Female
Web,wminerdoof@redcross.org,Male
Verile,vkorpalog@sciencedaily.com,Female
Ardith,amesnardoh@gmpg.org,Female
Lem,lcoyteoi@livejournal.com,Male
Pauletta,pespleyoj@github.io,Female
Erwin,egouckok@hatena.ne.jp,Male
Lindsay,lgairol@cam.ac.uk,Male
Carin,cgallieom@people.com.cn,Female
Lynnette,lglitherowon@odnoklassniki.ru,Female
Billie,btippingsoo@who.int,Male
Ignacius,iyakuntsovop@canalblog.com,Male
Dalli,dcriellyoq@free.fr,Male
Melicent,mclutheramor@wsj.com,Female
Anabella,ahassewellos@devhub.com,Female
Bess,bdillewayot@bandcamp.com,Female
Ev,ewathellou@slate.com,Male
Northrop,nhardageov@disqus.com,Male
Monti,mantyukhinow@delicious.com,Male
Rowland,rledgewayox@example.com,Male
Leone,lbeavesoy@cnet.com,Female
Jolie,jtownbyoz@latimes.com,Female
Lizabeth,lmcphaterp0@forbes.com,Female
Jimmy,jmanifoldp1@constantcontact.com,Male
Ivie,ifaussettp2@ed.gov,Female
Findlay,fdaguannop3@home.pl,Male
Candie,cwaliszewskip4@studiopress.com,Female
Tallie,tmalshingerp5@plala.or.jp,Male
Carson,ccattonnetp6@elpais.com,Male
Queenie,qreesonp7@hexun.com,Female
Terri,tdegouyp8@ftc.gov,Male
Devondra,dworlandp9@xinhuanet.com,Female
Berkie,bnataliepa@scientificamerican.com,Male
Bartram,bberrypb@purevolume.com,Male
Erin,egrethampc@shinystat.com,Female
Iona,idarracottpd@ebay.co.uk,Female
Bertram,bnoursepe@ed.gov,Male
Marlowe,mplacstonepf@oaic.gov.au,Male
Donavon,dsperskipg@google.com.hk,Male
Giralda,gedgellph@is.gd,Female
Ole,omeriottpi@zdnet.com,Male
Morie,mardleypj@mysql.com,Male
Desdemona,djandacpk@ehow.com,Female
Eliza,emerrillpl@tiny.cc,Female
Arv,atannerpm@miibeian.gov.cn,Male
Nick,nsynckepn@sogou.com,Male
Pepe,pwinsiowieckipo@china.com.cn,Male
Tiffy,tmacmasterpp@blogtalkradio.com,Female
Sterne,sgarmstonpq@columbia.edu,Male
Corey,cdodpr@princeton.edu,Male
Agneta,amcgillegholeps@nhs.uk,Female
Ward,wwimpeypt@adobe.com,Male
Kennie,kgeroldipu@ebay.co.uk,Male
Blinny,bshoorbrookepv@bbb.org,Female
Chet,cbillingspw@craigslist.org,Male
Lawrence,lgoblepx@redcross.org,Male
Gwenore,gjenceypy@ocn.ne.jp,Female
Batholomew,bsouleypz@theatlantic.com,Male
Geoff,gsaullq0@myspace.com,Male
Bob,bstertq1@gravatar.com,Male
Catarina,clecordierq2@over-blog.com,Female
Hesther,hogreadyq3@ifeng.com,Female
Natty,nmcqueenq4@yellowbook.com,Female
Heindrick,hhaddonq5@slate.com,Male
Karia,kdanilovitchq6@answers.com,Female
Tadeo,tfoldesq7@intel.com,Male
Brander,bknivetonq8@timesonline.co.uk,Male
Dorothee,dsollowayeq9@narod.ru,Female
Gregorius,gjosefssonqa@archive.org,Male
Sawyer,srappaqb@mit.edu,Male
Zacharie,zsellyqc@mediafire.com,Male
Halimeda,hwathenqd@seesaa.net,Female
Kendal,kboddyqe@unicef.org,Male
Meara,mfiggqf@nsw.gov.au,Female
Huntley,hdeverillqg@paypal.com,Male
Raynor,rcolingqh@last.fm,Male
Kristoforo,kmcpolinqi@mashable.com,Male
Piggy,pcrowcumqj@twitter.com,Male
Milicent,mmcilwainqk@goo.gl,Female
Stacee,sbyrnesql@about.com,Male
Lilla,ljakoviljevicqm@forbes.com,Female
Leesa,ldellqn@abc.net.au,Female
Dela,dheyburnqo@pbs.org,Female
Kerk,kcawteqp@linkedin.com,Male
Conni,cfiellerqq@nytimes.com,Female
Eldin,eainsbyqr@buzzfeed.com,Male
Cristabel,cbloschkeqs@dailymail.co.uk,Female
Marin,mfishburnqt@live.com,Female
Dorena,ddykaqu@adobe.com,Female
Ezekiel,egorceqv@businesswire.com,Male
Stesha,shaggathqw@hibu.com,Female
Woodrow,wkavanaghqx@rakuten.co.jp,Male
Hillier,hloveardqy@hatena.ne.jp,Male
Ky,ksammsqz@hao123.com,Male
Leland,llanmeidr0@yale.edu,Male
Erhard,ewasteneyr1@ning.com,Male
Rhett,rworshamr2@a8.net,Male
Westbrooke,wcrocketr3@live.com,Male
Nevins,nketchenr4@sitemeter.com,Male
Betteann,bmawdsleyr5@hhs.gov,Female
Flory,fahernr6@sohu.com,Male
Rosella,rwillasr7@histats.com,Female
Noll,ncretneyr8@clickbank.net,Male
Jermain,jfolcarellir9@opensource.org,Male
Devi,dogianyra@vistaprint.com,Female
Karlyn,kmarkussenrb@odnoklassniki.ru,Female
Ilise,ikimerc@nbcnews.com,Female
Perry,pvipanrd@altervista.org,Male
Bud,bstockenre@ebay.com,Male
Tanney,tdelaceyrf@people.com.cn,Male
Marcella,mmossonrg@amazon.com,Female
Joshia,jjerratschrh@skyrock.com,Male
Gabriel,gcobbyri@simplemachines.org,Male
Man,mcrawshayrj@diigo.com,Male
Brew,bbettaneyrk@baidu.com,Male
Glen,gcharnickrl@phoca.cz,Female
Janel,jbegentrm@livejournal.com,Female
Mareah,malmakrn@lycos.com,Female
Rock,rpitfieldro@netvibes.com,Male
Pascale,pbenningerrp@apache.org,Male
Ethe,egodspederq@shinystat.com,Male
Elwyn,ebrettrr@whitehouse.gov,Male
